{
  "N3": {
    "f": 3,
    "s": [-0.86602540378,  0.86602540378, 0],
    "c": [-0.5, -0.5, 1],
    "p": [0, 2.094395102, 4.188790205]
  },
  "N4": {
    "f": 4,
    "s": [0, 1, 0, -1],
    "c": [-1, 0, 1, 0],
    "p": [0, 1.570796327, 3.141592654, 4.71238898]
  },
  "N5": {
    "f": 5,
    "s": [-0.951056516, -0.587785252, 0.587785252, 0.951056516, 0],
    "c": [0.309016994, -0.809016994, -0.809016994, 0.309016994, 1],
    "p": [0, 1.256637061, 2.513274123, 3.769911184, 5.026548246]
  },
  "N6": {
    "f": 6,
    "s": [0, -1.732050808, -1.732050808, 0, 1.732050808, 1.732050808],
    "c": [2, 1, -1, -2, -1, 1],
    "p": [0, 1.04719755, 2.094395102, 3.141592654, 4.188790205, 5.235987756]
  },
  "N7": {
    "f": 7,
    "s": [
      -0.781831482,
      -0.974927912,
      -0.433883739,
      0.433883739,
      0.974927912,
      0.781831482,
      0
    ],
    "c": [
      0.623489802,
      -0.222520934,
      -0.900968868,
      -0.900968868,
      -0.222520934,
      0.623489802,
      1
    ],
    "p": [
      0,
      0.897597901,
      1.795195802,
      2.692793703,
      3.590391604,
      4.487989505,
      5.385587406
    ]
  },
  "N8": {
    "f": 8,
    "s": [-0.707106781, -1, -0.707106781, 0, 0.707106781, 1, 0.707106781, 0],
    "c": [0.707106781, 0, -0.707106781, -1, -0.707106781, 0, 0.707106781, 1],
    "p": [
      0,
      0.785398163,
      1.570796327,
      2.35619449,
      3.141592654,
      3.926990817,
      4.71238898,
      5.497787144
    ]
  },
  "N9": {
    "f": 9,
    "s": [
      -0.64278761,
      -0.984807753,
      -0.866025404,
      -0.342020143,
      0.342020143,
      0.866025404,
      0.984807753,
      0.64278761,
      0
    ],
    "c": [
      0.766044443,
      0.173648178,
      -0.5,
      -0.939692621,
      -0.939692621,
      -0.5,
      0.173648178,
      0.766044443,
      1
    ],
    "p": [
      0,
      0.698131701,
      1.396263402,
      2.094395102,
      2.792526803,
      3.490658504,
      4.188790205,
      4.886921906,
      5.585053606
    ]
  },
  "N10": {
    "f": 10,
    "s": [
      -0.587785252,
      -0.951056516,
      -0.951056516,
      -0.587785252,
      0,
      0.587785252,
      0.951056516,
      0.951056516,
      0.587785252,
      0
    ],
    "c": [
      0.809016994,
      0.309016994,
      -0.309016994,
      -0.809016994,
      -1,
      -0.809016994,
      -0.309016994,
      0.309016994,
      0.809016994,
      1
    ],
    "p": [
      0,
      0.628318531,
      1.256637061,
      1.884955592,
      2.513274123,
      3.141592654,
      3.769911184,
      4.398229715,
      5.026548246,
      5.654866776
    ]
  },
  "N11": {
    "f": 11,
    "s": [
      -0.540640817,
      -0.909631995,
      -0.989821442,
      -0.755749574,
      -0.281732557,
      0.281732557,
      0.755749574,
      0.989821442,
      0.909631995,
      0.540640817,
      0
    ],
    "c": [
      0.841253533,
      0.415415013,
      -0.142314838,
      -0.654860734,
      -0.959492974,
      -0.959492974,
      -0.654860734,
      -0.142314838,
      0.415415013,
      0.841253533,
      1
    ],
    "p": [
      0,
      0.571198664,
      1.142397329,
      1.713595993,
      2.284794657,
      2.855993321,
      3.427191986,
      3.99839065,
      4.569589314,
      5.140787979,
      5.711986643
    ]
  },
  "AVG5": {
    "f": 5,
    "s": [0, -2, 0, 2, 0],
    "c": [1, 0, -2, 0, 1],
    "p": [0, 1.570796327, 3.141592654, 4.71238898, 6.283185307]
  },
  "AVG6": {
    "f": 6,
    "s": [0, -3, 0, 4, 0, -1],
    "c": [1, 0, -4, 0, 3, 0],
    "p": [0, 1.570796327, 3.141592654, 4.71238898, 6.283185307, 7.853981634]
  },
  "AVG7": {
    "f": 7,
    "s": [0, -4, 0, 8, 0, -4, 0],
    "c": [1, 0, -7, 0, 7, 0, -1],
    "p": [
      0,
      1.570796327,
      3.141592654,
      4.71238898,
      6.283185307,
      7.853981634,
      9.424777961
    ]
  },
  "AVG8": {
    "f": 8,
    "s": [0, -5, 0, 15, 0, -11, 0, 1],
    "c": [1, 0, -11, 0, 15, 0, -5, 0],
    "p": [
      0,
      1.570796327,
      3.141592654,
      4.71238898,
      6.283185307,
      7.853981634,
      9.424777961,
      10.99557429
    ]
  },
  "WDFT5": {
    "f": 5,
    "s": [1.732050808, -3.464101615, 0, 3.464101615, -1.732050808],
    "c": [1, 2, -6, 2, 1],
    "p": [2.094395102, 4.188790205, 6.283185307, 8.37758041, 10.47197551]
  },
  "WDFT7": {
    "f": 7,
    "s": [1, 0, -3, 0, 3, 0, -1],
    "c": [0, 2, 0, -4, 0, 2, 0],
    "p": [
      1.570796327,
      3.141592654,
      4.71238898,
      6.283185307,
      7.853981634,
      9.424777961,
      10.99557429
    ]
  },
  "WDFT11": {
    "f": 11,
    "s": [
      -1.732050808,
      -3.464101615,
      0,
      6.92820323,
      8.660254038,
      0,
      -8.660254038,
      -6.92820323,
      0,
      3.464101615,
      1.732050808
    ],
    "c": [1, -2, -6, -4, 5, 12, 5, -4, -6, -2, 1],
    "p": [
      1.047197551,
      2.094395102,
      3.141592654,
      4.188790205,
      5.235987756,
      6.283185307,
      7.330382858,
      8.37758041,
      9.424777961,
      10.47197551,
      11.51917306
    ]
  }
}
