{"PO6": {"f": 6, "s": [-0.0, -1.9021130325903073, -0.5877852522924732, 1.5388417685876266, 1.538841768587627, -0.587785252292473], "c": [1.0, 2.220446049250313e-16, -1.8090169943749475, -1.118033988749895, 1.1180339887498945, 0.8090169943749475], "p": [0.0, 1.2566370614359172, 2.5132741228718345, 3.7699111843077517, 5.026548245743669, 6.283185307179586]}}